,R5,MAP,Retrieval_Method,DS_Settings,Time (s)
0,0.7214035087719297,0.6453508771929825,bm25,pre-nonam-nobio,0.46341419219970703
1,0.5852631578947369,0.572812865497076,rerank-sbert-crossencoder,pre-nonam-nobio,13.888023376464844
2,0.6687719298245615,0.6085087719298246,bm25,nopre-nonam-nobio,0.4885387420654297
3,0.5852631578947369,0.5541812865497076,rerank-sbert-crossencoder,nopre-nonam-nobio,16.98394465446472
