,Macro-F1,Strict-Macro-F1,Verifier_Method,DS_Settings,Time (s)
0,0.49577384170191113,0.49577384170191113,sbert-deberta-tasksource,pre-nonam-nobio,0.009514808654785156
1,0.7712433308570271,0.7712433308570271,transformers-roberta,pre-nonam-nobio,0.008005619049072266
2,0.7058314234784824,0.7058314234784824,transformers-bart,pre-nonam-nobio,0.010517358779907227
3,0.7594955969340207,0.7594955969340207,llama3-8b,pre-nonam-nobio,0.008519172668457031
4,0.8711843711843712,0.8711843711843712,llama3-70b,pre-nonam-nobio,356.2489333152771
5,0.9035372820354327,0.9035372820354327,openai-4o-mini,pre-nonam-nobio,1021.8521683216095
6,0.9376716604244694,0.9376716604244694,openai-4o,pre-nonam-nobio,1056.1543171405792
