,Macro-F1,Strict-Macro-F1,Verifier_Method,DS_Settings,Time (s)
0,0.6993464052287582,0.6993464052287582,transformers-roberta,pre-nonam-nobio,4.848028182983398
1,0.6897243107769423,0.6897243107769423,transformers-bart,pre-nonam-nobio,6.1992411613464355
