,Macro-F1,Strict-Macro-F1,Verifier_Method,DS_Settings,Time (s)
0,0.49577384170191113,0.49577384170191113,sbert-deberta-tasksource,pre-nonam-nobio,0.013041973114013672
1,0.7712433308570271,0.7712433308570271,transformers-roberta,pre-nonam-nobio,0.010556459426879883
2,0.7058314234784824,0.7058314234784824,transformers-bart,pre-nonam-nobio,0.010717153549194336
3,0.8030843552582683,0.8030843552582683,llama3-1-8B,pre-nonam-nobio,125.43139028549194
4,0.9606858862178012,0.9606858862178012,llama3-1-70b,pre-nonam-nobio,326.5152277946472
5,0.9852607709750568,0.9852607709750568,llama3-1-405b,pre-nonam-nobio,935.0637972354889
6,0.9035372820354327,0.9035372820354327,openai-4o-mini,pre-nonam-nobio,0.011036872863769531
7,0.9376716604244694,0.9376716604244694,openai-4o,pre-nonam-nobio,0.01104283332824707
