,Macro-F1,Strict-Macro-F1,Verifier_Method,DS_Settings,Time (s)
0,0.688888888888889,0.688888888888889,transformers-roberta,pre-nonam-nobio,4.249372482299805
1,0.6786644029428409,0.6786644029428409,transformers-bart,pre-nonam-nobio,6.098402500152588
2,0.863997113997114,0.863997113997114,llama3-8b,pre-nonam-nobio,22.043511390686035
3,1.0,1.0,llama3-70b,pre-nonam-nobio,110.91331696510315
4,0.9721739130434783,0.9721739130434783,llama3-405b,pre-nonam-nobio,335.90202951431274
5,1.0,1.0,openai-4o-mini,pre-nonam-nobio,183.76701951026917
6,0.9721739130434783,0.9721739130434783,openai-4o,pre-nonam-nobio,180.97664546966553
