,R5,MAP,Retrieval_Method,DS_Settings,Time (s)
0,0.7214035087719297,0.6453508771929825,bm25,pre-nonam-nobio,0.5841598510742188
1,0.8242105263157895,0.7840233918128654,rerank-nv-embed-v1,pre-nonam-nobio,140.10041499137878
2,0.6687719298245615,0.6085087719298246,bm25,nopre-nonam-nobio,0.4958820343017578
3,0.8242105263157895,0.8015672514619883,rerank-nv-embed-v1,nopre-nonam-nobio,143.98366498947144
